player_id,name,age,nationality,club,position,preferred_foot,height_cm,weight_kg,minutes_played_24_25,goals,assists,shots,key_passes,xG,xA,pass_accuracy_pct,dribbles_completed,tackles,interceptions,clearances,aerials_won,saves,goals_conceded,save_pct,yellow_cards,red_cards,contract_years_left,market_value_millions,injury_days_24_25,rating_2023,rating_2024,rating_2025,form_index_last10
1,Sandro Silveira,31,Scotland,Tottenham,DEF,Right,186,86,1912,0,2,0,1,0,0.88,80.6,23,39,23,80,48,,,,4,0,1,2.76,15,70.6,72.1,73.2,-1.15
2,Sandro Lewandov,20,Mexico,Inter,GK,Right,191,83,2631,0,0,0,3,0,0,81.2,2,4,6,32,37,78,37,64.8,3,0,1,15.6,7,62.5,65.6,63.6,0.09
3,Karim Pulisico,29,Bulgaria,Besiktas,MID,Both,184,74,1558,4,2,18,15,2.81,3.83,85.7,35,41,19,8,29,,,,6,0,0,9.53,12,78.2,75,78.1,-2.5
4,Karim Sakara,29,Serbia,Manchester City,GK,Right,193,83,2009,0,0,0,7,0,0,95,1,4,0,30,32,99,32,73.8,1,0,1,16.61,0,62.4,63,65.2,-1.25
5,Kylian Diazo,17,USA,Flamengo,MID,Both,180,72,1970,2,4,58,33,3.2,4.33,84.4,43,32,30,13,0,,,,1,1,2,5,14,75.9,81.1,75.9,0.59
6,Marco Nunezi,17,Denmark,Galatasaray,GK,Both,202,83,1142,0,0,0,6,0,0.34,86.7,4,2,8,57,28,29,13,71.1,0,1,1,3.57,55,73.8,75.2,74.4,0.18
7,Christian Silveira,35,Poland,Inter,DEF,Left,186,78,2300,2,0,20,7,3.98,1.74,84.1,1,32,30,55,82,,,,2,0,2,17.54,8,70,69.3,69.1,-0.08
8,Marco De Jongh,18,Argentina,Olympiacos,FWD,Right,185,84,1025,0,1,27,15,0,1.88,87.1,28,9,0,44,60,,,,8,1,3,8.75,2,69.9,67.1,68.4,-1.62
9,Bukayo Hakimi,19,Chile,Roma,FWD,Right,177,77,2146,3,6,61,31,15.01,8.34,75.1,28,16,18,36,34,,,,6,0,2,11.09,4,67.9,67.8,69.3,2.31
10,Joao Lewandov,33,Chile,Chelsea,DEF,Right,171,71,1832,2,2,12,14,4.37,1.46,91.4,9,36,15,117,82,,,,3,0,0,13.5,5,77.5,77.3,78.2,-1.61
11,Riyad Haalvorsen,24,Ecuador,Feyenoord,MID,Both,184,80,3807,3,7,35,54,6.09,11.93,83.4,41,24,28,3,14,,,,3,0,2,15.7,7,81.9,79.7,81,0.61
12,Neymar Felixo,17,Algeria,Real Sociedad,MID,Both,189,89,538,0,1,8,7,1.8,1.71,81.1,30,33,21,10,17,,,,5,0,2,13.89,16,68.7,69.5,72.3,-0.59
13,Alphonso McKenn,21,Spain,Inter Miami,DEF,Left,187,70,1409,0,1,14,9,0.4,0,86.7,14,2,3,68,46,,,,0,0,2,6.15,8,71.4,71.9,74.9,0.89
14,Dusan Salahim,22,Peru,NYCFC,FWD,Right,185,78,1694,8,7,54,18,9.14,6.39,79.2,27,0,0,0,51,,,,3,0,1,21.38,8,77.4,78.7,79.5,-0.4
15,Yassine Chiesi,22,France,Al Ittihad,DEF,Right,171,80,1965,3,2,14,7,3.85,0.92,83.7,3,32,23,58,41,,,,3,0,0,7.13,3,63.5,64.3,65.4,-0.65
16,Joao Silveira,32,Spain,Inter,MID,Right,173,81,3281,5,7,49,66,1.6,5.9,86.2,23,29,25,20,8,,,,3,0,1,10.01,14,72.7,69.8,70,0.54
17,Bruno Sonn,18,Greece,Al-Nassr,MID,Left,178,75,2293,3,2,26,67,5.66,1.33,94.3,26,48,29,38,40,,,,3,0,3,3.47,4,78,79.2,74.9,-0.49
18,Bernardo Verratt,35,Ecuador,Juventus,MID,Both,191,82,2616,0,9,0,86,0,12.9,89.3,23,31,23,0,15,,,,2,0,2,18.14,7,71.7,71.9,72,-0.53
19,Gio Davieson,26,Bulgaria,Al-Hilal,DEF,Right,182,70,1657,0,2,15,8,0,1.99,74.8,27,30,21,74,53,,,,0,0,1,2.68,13,77.1,82.7,78.8,-0.13
20,Vinicius Fernandis,31,Uruguay,LAFC,MID,Both,177,78,1708,5,1,52,23,7.3,4.39,83.6,12,11,30,8,0,,,,6,0,3,15.29,9,71.2,67.8,71.9,-0.19
21,Alphonso Verratt,22,Greece,Benfica,GK,Left,187,69,2737,0,1,0,2,0,1.75,82.9,3,12,9,44,25,162,29,75,0,0,2,3.63,4,81.5,82.9,86.4,-0.58
22,Victor Bounou,25,Austria,Inter,DEF,Both,184,80,3253,2,2,34,24,3.31,1.78,67.2,0,36,25,77,45,,,,3,0,1,13.82,7,81,78.7,81.8,-0.41
23,Erling Oshimen,30,Ghana,Liverpool,DEF,Right,184,81,238,0,0,0,0,0.77,0,91.1,0,41,34,23,20,,,,6,0,2,18.28,15,70,70.6,74.3,-0.41
24,Bukayo Lozano,31,Switzerland,Roma,MID,Right,184,84,1744,0,4,10,25,0.34,6.07,79.4,19,41,37,42,40,,,,2,0,0,11.8,7,65.8,66.1,69.4,0.59
25,Jonathan Pedroso,24,Iraq,Ajax,FWD,Right,190,81,1596,10,0,25,3,15.75,0,80.9,21,4,3,6,47,,,,5,0,1,11.56,5,58.1,64.1,65.5,0.47
26,Luka Mahrezh,17,Switzerland,Al-Hilal,DEF,Left,173,83,624,0,0,2,5,0,0.23,75.9,13,20,26,70,57,,,,9,0,0,8.56,7,77.9,80,80.7,0.2
27,Luis Nunezi,23,Italy,AC Milan,DEF,Both,178,82,2150,1,3,0,15,2.87,4.89,87.7,20,3,20,57,93,,,,5,1,3,12.84,32,61,63.5,61.8,0.69
28,Frenkie Pulisico,35,Japan,Besiktas,DEF,Both,185,66,3511,5,0,2,17,8.46,0,74.6,0,45,10,85,33,,,,3,0,3,12,10,61.5,61.5,59.4,0.1
29,Kevin Leao,27,Switzerland,Porto,DEF,Right,183,84,2093,0,0,19,13,3.45,1.78,90.2,6,21,46,69,41,,,,4,0,1,23.88,4,73.4,75.5,73.6,0.75
30,Neymar Modricz,31,Qatar,Arsenal,FWD,Right,192,66,2000,1,0,79,14,0,4.61,74.6,26,12,10,5,89,,,,5,1,1,14.85,7,80.4,81.4,80.3,0.93
31,Frenkie Reyna,24,Scotland,RB Leipzig,MID,Both,182,67,2443,5,5,33,61,5.47,5.69,83.2,27,14,17,36,24,,,,3,0,0,21.47,12,71,74.9,72.6,1.03
32,Gio Riceford,26,England,Benfica,FWD,Left,174,75,2896,0,8,44,30,0.86,5.43,83.5,24,17,6,14,46,,,,0,0,1,14.88,3,82.2,81,81.5,0.8
33,Leo Alcantar,23,Norway,Napoli,MID,Both,196,73,3033,1,5,37,47,0,7.09,91.7,9,30,22,3,33,,,,6,0,1,14.58,2,89,85.7,87.9,-0.36
34,Darwin Hakimi,25,Algeria,Tottenham,DEF,Both,186,76,1949,2,1,25,18,4.46,1.4,82.8,10,18,19,70,45,,,,4,0,3,6.8,1,67.8,68.8,68.5,0.59
35,Neymar Chiesi,29,South Korea,Al-Hilal,FWD,Left,181,77,3065,12,0,94,47,20.29,0,77.1,28,5,8,40,57,,,,4,0,2,10.27,4,77,75.7,76.8,1.07
36,Leo Barella,26,Serbia,RB Leipzig,GK,Left,182,78,2066,0,0,0,8,0,0.58,94.1,2,3,8,40,27,66,16,72.5,1,0,3,20.05,13,68.1,66.9,68.5,1.72
37,Achraf Fodenko,24,Algeria,Napoli,MID,Both,180,74,3401,0,5,34,29,2.31,2.59,67.1,30,26,44,45,30,,,,7,1,1,4.92,11,74.8,76.9,77.8,0.26
38,Lautaro Davieson,25,Australia,Chelsea,MID,Both,185,76,1173,1,1,7,19,4.9,2.38,91,33,27,28,19,0,,,,2,0,2,11.77,12,68.3,67,69.8,0.39
39,Luka Sonn,31,Australia,Tigres UANL,MID,Right,183,82,1941,1,6,40,77,1.11,4.73,89.9,29,56,24,19,9,,,,5,1,2,10.72,2,70.4,72,69.4,0.93
40,Yassine Kvarats,20,Cameroon,RB Leipzig,DEF,Both,188,82,2714,4,5,23,28,3.68,3.68,95,11,61,32,68,49,,,,6,0,1,7.49,9,78.6,84.6,76.8,0.38
41,Gavi Mbappet,25,Argentina,Tigres UANL,GK,Left,192,80,2717,0,1,0,0,0,1.11,64.9,0,7,4,49,31,122,29,74.1,0,0,1,8.09,0,80.5,80.6,78.1,0.36
42,Vinicius Kaner,28,Netherlands,Porto,FWD,Left,190,73,2135,19,3,51,30,22.29,0.25,74.6,31,12,0,0,79,,,,4,0,0,10.36,1,74.9,72.1,72.7,-0.59
43,Karim Barella,31,Mexico,NYCFC,FWD,Right,188,79,2220,15,6,26,47,13.81,7.81,84.2,49,9,10,36,71,,,,2,1,3,8.57,15,83.6,82,84.2,1.19
44,Yassine De Bruyne,34,Qatar,Manchester United,FWD,Both,175,74,2702,19,14,86,0,25.04,21.29,80.1,34,21,0,37,33,,,,3,0,1,13.07,14,73,66.4,62.7,0.17
45,Luis Fernandis,27,Italy,Al Ittihad,MID,Left,187,80,1897,0,6,17,8,0.79,9.63,84.4,23,36,27,0,11,,,,5,0,1,8.72,1,68.3,70.9,67.6,0.16
46,Frenkie Sakara,20,Japan,Palmeiras,DEF,Both,177,72,1979,2,3,10,6,3.06,4,79.2,19,17,28,120,61,,,,0,0,2,15.11,11,76.9,77.5,76,-1.13
47,Marco Belling,33,Sweden,Olympiacos,DEF,Both,186,79,1951,0,1,29,7,2.46,3.72,81.2,8,28,37,114,46,,,,2,0,2,7.24,8,70.3,69.3,68.1,-0.65
48,Sergio Davidic,33,Iraq,Valencia,GK,Left,181,85,2872,0,0,0,3,0,0,83.2,3,9,0,50,31,56,34,71.1,1,0,0,2.46,1,71.7,71.2,71,-1.16
49,Trent Silvan,34,Peru,Sevilla,GK,Both,191,85,2224,0,0,0,6,0,0,95,6,13,6,5,33,58,39,72.2,0,0,2,33.15,12,69.9,69.4,72.1,0.71
50,Antoine Mbappet,17,Mexico,Inter,MID,Right,183,76,2754,1,5,37,61,1.16,6.47,90.3,30,30,14,0,20,,,,4,0,0,11.82,2,71.3,71.2,68.8,1.49
51,Christian Rashfordi,27,Russia,Inter Miami,GK,Right,192,91,1621,0,0,0,6,0,0,71.6,3,8,4,50,12,75,15,67.5,4,0,0,9.54,4,69.5,72.4,74.3,-0.99
52,Alphonso Kaner,29,Argentina,Manchester United,MID,Both,186,76,2563,1,2,31,79,0,0,82.7,15,44,26,14,11,,,,6,0,1,19.79,5,67.6,65.2,70.4,-0.61
53,Antoine Salahim,24,USA,Manchester United,MID,Right,185,75,2908,4,7,38,40,7.59,10.19,81.2,18,29,38,26,0,,,,0,0,1,6.49,0,78.8,77.5,80.4,-0.21
54,Sergio Pedroso,34,Australia,AC Milan,FWD,Left,182,72,1803,8,0,37,12,2.7,1.95,75.9,24,19,7,62,61,,,,2,0,1,9.7,0,86.8,84.2,85.2,-1.66
55,Nicolo Lozano,24,Morocco,LAFC,MID,Right,185,86,2999,5,6,50,45,4.62,9.56,77.2,27,9,22,21,15,,,,3,0,1,11.55,1,72.3,73.8,76.3,0.21
56,Pedri Musiala,28,Czech Republic,Boca Juniors,FWD,Right,175,75,1419,10,1,31,16,9.15,2.5,78.5,30,30,11,0,61,,,,3,0,2,7.59,20,71.5,67.2,68.4,0.93
57,Sergio De Jongh,24,Denmark,Chelsea,DEF,Right,180,74,944,0,0,4,11,2.34,0,72,8,42,22,76,66,,,,4,0,2,7.42,7,67,66,69.4,-0.58
58,Declan Barella,31,Ecuador,Lazio,FWD,Left,181,70,3583,32,16,66,17,37.22,15.66,89.3,30,7,0,7,71,,,,4,0,1,18.54,18,72.9,70.6,69.1,-2.5
59,Jonathan Lewandov,20,Germany,Celtic,DEF,Both,183,77,1728,0,1,12,18,0,0.12,79.9,15,27,24,69,68,,,,3,0,2,7.44,8,62.9,65.1,66,0.79
60,Antoine Lewandov,31,Germany,Sporting CP,MID,Both,177,75,2841,0,2,26,86,0.53,1.02,84.9,30,28,51,0,34,,,,4,0,2,18.31,15,63.6,61,60,-0.44
61,Darwin Alexander-Arn,21,Mexico,Marseille,DEF,Right,180,89,3515,2,2,30,15,2.03,4.14,75.8,0,30,41,71,45,,,,2,0,2,8.57,21,71.9,71.8,71.4,-0.06
62,Bernardo Riceford,17,Italy,Lazio,FWD,Right,178,84,1729,12,1,24,8,10.37,2.27,77.2,3,0,5,0,51,,,,4,0,2,4.77,9,75.9,74.2,75.3,-1.28
63,Luis Lewandov,24,Mexico,Manchester United,MID,Left,184,81,1940,2,5,25,51,5.46,3.12,75,17,32,29,19,32,,,,3,0,3,47.17,12,69.4,68.9,69.1,1.81
64,Leo Benzam,27,Germany,Al-Hilal,DEF,Both,185,78,2685,0,5,20,21,0.67,4.18,75.3,0,31,29,37,57,,,,7,0,0,12.9,2,74.7,73.9,76.2,-1.01
65,Jamal Pedroso,19,Cameroon,AC Milan,FWD,Right,183,88,1299,9,3,27,20,16.05,3.33,77.9,30,12,11,24,64,,,,2,0,2,19.3,4,69.6,70.9,71,0.71
66,Harry Fernandis,35,Saudi Arabia,Juventus,DEF,Left,180,80,2807,1,2,17,16,1.53,1.53,88,28,36,50,54,86,,,,5,0,1,15.6,9,67,68.9,68,2.25
67,Riyad Riceford,32,Canada,FC Barcelona,FWD,Left,183,74,1512,16,0,24,31,17.34,1.77,82.2,28,23,10,27,64,,,,4,0,3,21.95,8,68.5,64.7,66.5,-0.26
68,Nicolo Diazo,18,Nigeria,Lazio,MID,Both,168,75,700,0,0,6,24,0,0,87.4,22,39,30,11,1,,,,5,0,4,7.46,6,74.8,77.5,77.5,-0.12
69,Luka Belling,21,Romania,Galatasaray,DEF,Left,188,73,2930,1,2,8,25,1.92,0.63,82.5,3,30,25,72,66,,,,5,0,3,5.54,30,78,76.7,78.9,1.08
70,Christian Tonalli,21,Nigeria,Juventus,MID,Right,186,75,1310,0,5,16,24,1.42,5.97,81.2,25,27,21,18,31,,,,5,0,2,10.33,1,68.5,68.4,68.9,-1.88
71,Victor Kaner,21,Sweden,Liverpool,MID,Both,183,70,3112,7,11,27,88,8.6,12.68,76.8,34,35,21,50,7,,,,4,0,0,6.58,8,77.5,83.2,83.7,-1.09
72,Rafael Kvarats,20,Germany,Monterrey,DEF,Left,180,76,2444,4,5,16,19,2.95,3.82,67.9,11,35,41,94,56,,,,2,0,1,10.25,4,71.7,68.5,73.6,-0.01
73,Karim Fodenko,29,Uruguay,Liverpool,MID,Both,176,78,4206,10,9,19,42,14.49,10.24,71.2,19,21,23,35,33,,,,6,0,2,8.05,2,79,75.1,74.7,-0.19
74,Thiago Junioro,24,England,Tigres UANL,MID,Right,191,76,1645,0,5,20,16,0,6.28,72.9,27,33,45,7,29,,,,4,0,3,5.79,14,69.6,64.4,74.8,-0.27
75,Vinicius Pulisico,30,Switzerland,Tottenham,FWD,Both,169,66,3314,5,10,48,83,7.13,14.17,92.2,23,26,0,0,38,,,,4,0,2,28.09,15,77.4,80.5,80.2,-0.62
76,Karim Musiala,18,Ukraine,Manchester City,DEF,Both,184,76,1504,1,0,13,14,0,0,77.9,6,20,24,32,58,,,,2,0,1,9.09,23,76.7,73.6,79.4,-1.24
77,Khvicha Oshimen,35,Romania,Monterrey,FWD,Both,191,69,0,0,0,0,0,8.28,0.78,83.1,43,24,10,5,67,,,,2,0,0,9.81,1,70.2,67.8,71.3,0
78,Dusan Oshimen,22,Japan,Juventus,GK,Both,188,84,2821,0,0,0,6,0,0.05,69.6,1,2,7,41,21,41,22,73.1,0,0,1,12.66,3,78.4,73.4,69.6,-0.03
79,Kevin Busquets,19,Mexico,Napoli,FWD,Left,174,75,976,9,1,26,17,15.16,0,73.5,37,6,4,24,49,,,,3,0,1,19.59,10,80.8,83.1,82.8,-0.88
80,Victor Hakimi,26,Ireland,Valencia,GK,Left,180,77,2181,0,0,0,3,0,0,75.5,1,2,6,16,11,92,19,80.5,1,0,0,21.04,2,70,71.9,71.9,0.79
81,Weston Lozano,20,England,FC Barcelona,MID,Left,184,78,1921,6,4,28,17,6.57,3.65,90.9,8,20,26,0,22,,,,3,0,2,23.28,1,78.3,79.5,74.7,-0.81
82,Bukayo Leao,31,Portugal,Manchester United,FWD,Both,175,77,1793,12,1,50,19,14.12,2.02,84.7,26,0,7,12,46,,,,1,0,2,19.15,6,74.7,75.3,68.9,0.6
83,Mohamed Junioro,25,Japan,Bayern Munich,MID,Left,183,78,1760,0,4,30,31,0,2.48,72.3,17,31,29,15,33,,,,5,0,1,13.24,8,76.1,74.3,72.7,0.63
84,Trent Nunezi,24,Peru,Atletico Madrid,DEF,Right,175,79,2671,0,0,5,3,0.37,0.23,81.1,0,29,23,54,60,,,,4,0,2,6.61,8,80.5,75.4,76.6,-0.6
85,Jonathan Kvarats,26,Iraq,Valencia,FWD,Both,185,80,2453,4,4,61,41,4.14,4.17,76.8,21,0,12,49,27,,,,6,0,0,11.34,2,74.2,77.7,76.9,-1.41
86,Lautaro Busquets,17,Argentina,Al Ittihad,FWD,Both,177,84,1804,7,6,31,3,10.12,2.08,79.1,34,22,15,0,61,,,,2,0,0,14.99,13,65.6,68.9,65,-1.2
87,Neymar Lewandov,35,Portugal,Bayern Munich,MID,Left,180,70,3267,1,10,45,21,2.89,12.94,71.7,19,32,46,22,32,,,,5,0,3,64.45,4,81.5,80.7,78.5,1.09
88,Bernardo Chiesi,33,Tunisia,Inter Miami,FWD,Right,188,74,1732,0,4,62,0,2.38,4.36,76.3,29,13,3,0,83,,,,4,0,1,10.3,12,90,92,85.8,-0.65
89,Antoine Sakara,24,Ukraine,Juventus,MID,Both,185,73,377,0,1,1,10,0.52,0.36,88.6,20,19,34,7,40,,,,4,0,0,5.15,4,66.1,62.8,67.2,-0.54
90,Rafael Pedroso,21,Bulgaria,Al-Nassr,MID,Left,172,77,2067,2,4,32,38,0,4.88,86.2,33,33,24,24,45,,,,1,0,2,11.07,7,70.3,71.8,73.1,0.49
91,Alphonso De Jongh,23,Japan,Liverpool,DEF,Right,182,72,1779,0,4,8,16,3.79,8.03,93.2,9,19,41,89,70,,,,2,0,2,21.76,4,72.9,75.3,73.9,0.7
92,Antoine Bounou,25,South Korea,Manchester City,DEF,Right,183,74,2436,4,1,16,15,7.95,3.14,76.8,6,33,29,37,48,,,,5,0,1,11.9,13,70.2,70,75.2,-0.3
93,Bruno Tonalli,27,Italy,Al-Nassr,MID,Left,172,84,2714,0,9,22,22,0,8.71,80,23,1,37,1,29,,,,6,0,2,8.65,10,75.5,70.7,73.2,-0.4
94,Frenkie Diazo,27,Turkey,Inter Miami,MID,Both,191,69,2441,5,5,33,26,8.21,7.42,72,41,24,27,1,11,,,,3,0,3,30.62,2,60.5,61.4,61.3,0.13
95,Marco Modricz,21,Argentina,Tottenham,DEF,Right,176,68,2666,3,2,19,14,6.59,0.75,82.1,18,4,13,70,61,,,,4,0,2,5.75,2,77.2,73.4,75.1,-0.78
96,Christian Diazo,25,Sweden,Manchester City,DEF,Left,181,72,1283,0,1,10,10,0,3.78,78.9,1,19,15,78,78,,,,2,0,2,38.16,0,81.6,82,83,-0.01
97,Erling Martinez,33,Belgium,Lazio,DEF,Right,180,69,1994,2,0,18,21,3,0.54,83.1,0,33,27,54,85,,,,4,0,3,6.85,6,74.4,74.5,76.4,-0.18
98,Bukayo Alcantar,35,Peru,Manchester City,FWD,Left,178,71,1561,6,4,40,18,6.7,3.66,81.8,19,16,0,18,72,,,,4,0,1,5.86,4,81.5,80.6,80.6,0.65
99,Sadio Bounou,33,Mexico,Al Ittihad,FWD,Right,191,68,2183,13,1,83,9,18.87,0,78.5,39,0,0,21,71,,,,3,0,0,32.91,14,76.1,71.9,75.3,1.64
100,Sandro Modricz,24,Austria,Atalanta,DEF,Both,179,70,1472,1,2,6,14,0,3.74,79.8,0,30,37,51,77,,,,4,0,2,6.11,11,70.3,66.8,71.3,-1.23
101,Jamal Mbappet,20,Mexico,RB Leipzig,FWD,Right,185,76,2632,0,9,70,25,4.26,10.94,86.2,18,15,6,0,46,,,,1,0,3,6.46,0,78.6,82.7,75.8,-1.08
102,Jamal Busquets,27,Croatia,Besiktas,FWD,Left,176,84,1621,11,8,53,22,17.55,13.11,71.1,31,0,14,41,64,,,,7,0,1,13.46,26,64.2,65.7,61.7,0.14
103,Bruno Verratt,28,Tunisia,AC Milan,FWD,Left,189,76,2661,15,6,49,56,18.31,6.49,81.6,31,10,3,36,58,,,,6,0,2,7.24,6,69.4,75.7,70.9,0.24
104,Pedri Rashfordi,29,Portugal,Benfica,FWD,Right,187,78,1179,4,1,29,8,1.21,2.45,84.3,22,31,23,5,52,,,,5,0,1,11.86,6,72.4,73,72.8,-0.75
105,Lautaro Rashfordi,28,Denmark,Real Sociedad,GK,Left,188,75,2010,0,1,0,7,0,2.35,77.4,2,1,3,47,26,88,14,66,1,0,1,11.17,12,65,66.7,65.5,0.22
106,Jude Havert,26,USA,Real Madrid,MID,Both,183,79,557,1,1,10,8,0,0,80.3,33,29,13,13,50,,,,7,0,1,11.67,8,69.9,65.2,66.2,-1.52
107,Yassine Silveira,22,Chile,Roma,DEF,Right,184,75,40,0,0,0,0,2.44,3.72,80.5,10,39,43,110,73,,,,8,0,2,22.63,9,71.1,70.8,70.9,-1.38
108,Kai Alcantar,24,Ecuador,Al-Hilal,DEF,Both,184,71,1565,0,1,7,17,0,1.77,83.8,6,3,6,57,61,,,,4,0,0,10.1,6,74.2,81.9,78,0.29
109,Neymar Mahrezh,18,Sweden,PSV,GK,Right,185,76,3325,0,0,0,5,0,0.15,80.8,2,8,10,25,16,89,26,75.6,1,0,0,6.73,4,83.7,78.5,82.2,0.87
110,Erling Lewandov,20,Croatia,Monterrey,MID,Left,174,81,1903,0,6,19,23,0.04,7.06,78.6,4,35,47,0,0,,,,1,0,1,16.1,3,65.8,63.4,68.3,0.73
111,Nicolo Oshimen,35,Ukraine,Lazio,DEF,Left,177,87,2845,0,5,16,22,0,3.27,80.6,19,16,19,57,47,,,,4,0,2,3.76,5,78.7,80.6,76,0.54
112,Neymar Felixo,24,Serbia,Tigres UANL,FWD,Both,184,81,2330,18,6,56,24,17.84,7.35,72.1,15,8,8,0,91,,,,4,0,0,9.59,4,74.9,79.6,77.1,-1.34
113,Erling Vlahov,26,Czech Republic,Marseille,DEF,Left,189,74,2025,0,1,17,21,0,0.58,90,0,13,22,90,32,,,,6,0,2,8.92,1,75,73.2,74.3,-2.49
114,Darwin Alcantar,34,Serbia,FC Barcelona,DEF,Both,179,77,2457,0,2,22,0,1.74,1.9,79.9,9,18,25,82,57,,,,4,0,3,7.54,4,74.7,69.2,69.5,0.2
115,Sergio Belling,20,Algeria,Besiktas,DEF,Both,180,77,2179,0,0,7,12,0,0,72.9,2,33,19,47,21,,,,0,0,2,7.98,6,62.8,60.5,65,-0.14
116,Sergio Griez,19,Peru,Lazio,FWD,Right,184,80,2764,3,4,105,7,7.91,4.32,75.6,36,1,1,20,59,,,,0,0,0,8.86,6,79.1,77,82.3,-0.27
117,Neymar Barella,30,Wales,Ajax,MID,Both,177,75,1193,0,2,15,20,0.06,0.85,84.1,21,23,22,12,26,,,,6,0,0,24.46,36,63.3,60.4,64.2,-0.24
118,Sergio Musiala,24,Senegal,Flamengo,MID,Left,187,75,1432,0,1,27,30,1.61,2.93,79.2,19,16,19,0,37,,,,7,0,1,6.75,3,69.4,71.1,67.8,1.27
119,Federico Diazo,32,Colombia,Sporting CP,DEF,Both,185,74,679,0,0,5,2,0.17,0.19,87.6,1,38,15,48,67,,,,3,0,2,1.7,1,68.2,70.1,72.9,-0.37
120,Sergio Felixo,18,Italy,Marseille,DEF,Left,191,81,593,0,0,2,5,1.35,0.68,79.8,12,32,32,74,74,,,,6,0,0,26.42,8,75.2,77.9,77.9,0.72
121,Weston Lozano,24,Bulgaria,Besiktas,MID,Right,189,69,1098,0,1,12,20,0,1.97,86.6,13,37,31,1,30,,,,4,0,2,19.37,12,86.5,86.1,89.6,0.39
122,Leo Martinez,23,Senegal,Sporting CP,DEF,Both,190,72,2100,0,3,27,15,0.17,3.83,83.2,0,37,25,48,50,,,,6,0,3,5.88,10,71.2,72.4,71.5,-1.25
123,Christian Reyna,23,Nigeria,Juventus,MID,Left,184,75,2040,0,6,1,57,0.45,9.72,86.8,4,29,30,30,9,,,,1,1,1,4.45,6,67.9,64.5,67.8,-1.99
124,Trent Alexander-Arn,22,Ireland,Ajax,MID,Left,181,86,2729,2,11,48,71,1.09,14.2,90.1,17,20,31,0,32,,,,6,0,1,11.8,7,62,62.1,66.3,-0.75
125,Pedri Tonalli,32,Bulgaria,Juventus,MID,Both,184,71,860,2,3,2,25,3.75,6.1,83.5,36,35,27,3,8,,,,1,0,2,5.74,8,76.8,74.9,79.2,-0.96
126,Federico Leao,30,Uruguay,Al Ittihad,MID,Right,192,71,939,0,2,6,17,0,4.32,90.6,27,39,10,36,17,,,,7,0,3,5.57,5,58.2,60.2,58.2,-0.49
127,Antoine Benzam,32,Romania,Al-Nassr,DEF,Both,172,85,1433,0,2,10,0,1.38,2.68,79.8,0,25,19,83,56,,,,6,0,2,10.84,5,67.5,67.7,65.6,-0.76
128,Lautaro Rashfordi,32,Cameroon,AC Milan,FWD,Both,184,84,2353,12,1,52,20,21.7,2.26,81.7,16,23,12,0,68,,,,4,0,2,6.65,5,68.1,73.4,70.3,-0.59
129,Erling Junioro,28,Denmark,Borussia Dortmund,FWD,Right,185,78,1759,10,2,40,26,10.34,1.8,84.8,11,6,8,0,54,,,,1,0,1,9.86,17,77.1,77.5,74.9,-2.18
130,Declan Musiala,31,Saudi Arabia,Club America,MID,Right,187,79,1591,1,3,21,24,1.7,3.32,85.3,10,42,24,0,15,,,,2,0,1,2.04,4,78.8,85.4,82.1,-0.08
131,Dusan Verratt,30,Scotland,NYCFC,FWD,Right,173,77,2355,20,0,47,29,24.52,0,82.8,21,0,0,17,38,,,,6,0,1,8.78,1,78.8,73.8,81.7,-0.9
132,Vinicius Modricz,19,Canada,River Plate,MID,Left,175,84,1207,0,5,9,22,0.61,7.07,95,23,38,42,2,37,,,,7,0,1,6.68,10,70.2,77.8,73.9,-1
133,Achraf Bounou,35,Ireland,Rangers,DEF,Right,181,89,634,1,0,2,4,1.16,0.5,75.7,22,52,26,45,86,,,,6,0,2,29,15,80.1,74.5,76.3,-0.53
134,Phil Verratt,25,Portugal,Lazio,MID,Right,173,73,1321,2,1,9,37,1.87,0,87,23,26,26,1,20,,,,1,0,2,11.44,3,69.5,68.2,64.3,0.84
135,Luis Junioro,26,Norway,Real Sociedad,DEF,Right,179,72,1596,1,0,11,6,0,2.01,77.5,13,7,12,107,44,,,,6,0,4,4.11,10,76.3,77.2,75.3,-0.28
136,Declan Busquets,26,Netherlands,Real Sociedad,DEF,Right,185,77,3020,3,3,30,13,5.34,5.18,75.2,15,39,35,53,29,,,,3,0,2,20.43,8,78.4,75.5,77.1,-1.78
137,Victor Hakimi,21,Norway,Inter Miami,MID,Both,179,68,1433,0,3,12,23,0,5.28,78.2,26,30,41,1,2,,,,2,0,2,7.7,19,70.5,70.6,70.5,-1.13
138,Rafael De Jongh,27,Turkey,Club America,MID,Both,190,70,2123,5,3,33,27,8.19,5.6,87.9,18,28,31,39,36,,,,5,0,1,10.42,6,71.4,74.2,72.8,-0.33
139,Sandro Gaviria,34,Austria,Sevilla,MID,Right,191,65,1916,0,5,12,19,0,5.09,70.4,17,1,32,19,18,,,,2,0,2,5.35,9,74.1,73.4,69.3,-0.37
140,Alphonso Silveira,22,Turkey,Napoli,MID,Right,180,76,1588,3,5,16,21,6.34,7.09,66.3,11,31,38,0,11,,,,5,0,1,6.18,19,89.1,87.2,85.8,0.11
141,Alphonso Junioro,22,Ghana,Palmeiras,FWD,Left,186,79,1360,9,4,20,22,7.91,6.38,86.6,14,23,7,13,67,,,,1,0,3,8.17,11,74.5,75.9,76.9,0.04
142,Dusan Chiesi,23,South Korea,Sevilla,GK,Right,186,84,2091,0,0,0,3,0,0,77.1,1,6,0,27,8,83,21,78,3,0,1,2.87,1,70.4,70.6,71,-0.49
143,Victor Nunezi,19,Mexico,Roma,MID,Left,177,78,2488,3,3,18,30,0.97,5.17,79.2,16,31,25,19,48,,,,0,0,1,13.57,3,81.7,83.7,85.1,0.16
144,Marcus Felixo,34,Spain,Bayern Munich,GK,Right,181,79,1657,0,0,0,4,0,0,87.4,7,12,6,41,33,48,36,81.4,5,0,2,19.76,11,72.4,75.8,75.7,-0.07
145,Bukayo Salahim,35,Iran,Borussia Dortmund,MID,Both,190,87,1311,3,1,27,25,2.74,0,90.4,20,36,42,12,20,,,,1,0,1,6.21,0,66.5,67.2,65.4,0.66
146,Darwin Riceford,26,Poland,Atalanta,MID,Left,178,68,2226,0,4,34,43,0,2.62,75.4,10,21,39,34,28,,,,3,0,2,15.17,8,72.9,72.7,70,-1.91
147,Jamal Felixo,19,Poland,Liverpool,FWD,Right,173,83,1646,3,9,34,15,2.71,10,82.3,21,29,21,0,88,,,,9,0,1,8.55,7,79.6,81.8,85.3,0.04
148,Kylian Hakimi,18,Ghana,Monterrey,MID,Both,186,77,3771,7,5,98,67,8.6,7.69,78.2,23,29,26,0,1,,,,4,0,1,4.49,1,73.7,75.6,71.8,-0.58
149,Leo Maney,35,Czech Republic,Benfica,MID,Left,188,74,2177,8,1,36,49,6.65,1.92,81.1,21,34,15,9,29,,,,5,0,2,15.82,2,69.4,75.4,72.5,-1.15
150,Jamal Nunezi,20,Senegal,Olympiacos,DEF,Left,185,71,2275,0,0,9,12,1.23,0.89,84.2,1,23,17,61,54,,,,5,0,1,20.07,13,72.4,74.1,70.8,-0.8
151,Gio Rashfordi,22,Tunisia,Besiktas,MID,Both,182,73,2577,4,5,6,32,4.95,4.07,80.6,25,26,26,49,60,,,,2,0,1,11.24,0,79.6,79.3,77.4,-0.06
152,Frenkie Pedroso,34,Qatar,Inter,MID,Left,179,69,1202,0,4,10,40,3.24,4.17,80.3,16,32,24,20,40,,,,2,0,0,9.84,24,70.7,72.9,66.6,-1.23
153,Sergio Alcantar,28,Brazil,Benfica,FWD,Left,184,79,3004,17,6,33,46,16.97,5.37,82.6,35,6,5,13,66,,,,1,0,4,8.4,5,75.5,77.6,76.3,0.66
154,Declan De Bruyne,32,Switzerland,Fenerbahce,FWD,Right,177,74,816,0,1,30,16,0,0,79.6,29,8,11,3,69,,,,6,0,1,31.84,2,67.9,66.7,64.5,-1.06
155,Kai Pulisico,35,Wales,LAFC,DEF,Right,176,66,2621,3,2,39,14,3.39,3.04,74.1,17,34,30,103,35,,,,3,0,1,4.25,10,76.5,76.1,72.3,-0.21
156,Karim Davidic,18,Czech Republic,Al Ittihad,MID,Right,180,77,3252,12,8,58,57,15.15,5.07,77.1,35,43,28,0,17,,,,5,0,3,14.51,2,74.2,77.6,76.3,-2.5
157,Phil Kaner,35,Serbia,Bayern Munich,FWD,Left,177,73,1785,6,0,40,19,9.83,0,77.7,23,28,2,5,61,,,,5,0,1,12.38,6,69,64.4,66.2,-1.71
158,Bukayo Riceford,22,Japan,Benfica,DEF,Left,198,77,2171,0,1,19,26,0,2.98,86.1,7,30,21,63,62,,,,7,0,1,29.79,4,70,69.3,73.1,1.23
159,Bernardo Hakimi,23,Colombia,PSV,FWD,Left,194,84,2124,7,3,36,28,6.11,3.95,79.4,35,19,12,8,53,,,,0,0,3,5.49,2,69.6,67.7,67.8,0.05
160,Pedri Mbappet,34,Poland,Napoli,FWD,Right,174,82,2384,12,0,40,33,17.12,4.37,80.1,9,12,13,0,50,,,,7,0,2,15.37,1,69.9,69.2,69.7,-0.43
161,Sadio Rashfordi,31,Tunisia,LAFC,DEF,Right,173,69,2022,1,3,5,18,3.69,3.99,70,0,22,14,27,59,,,,2,0,3,14.34,2,74.6,71.1,71.1,-0.57
162,Erling Hakimi,18,Ireland,Manchester United,MID,Both,176,74,1555,2,3,8,18,5.67,3.37,77.5,18,49,20,3,6,,,,4,0,2,5.07,0,76.3,78.4,82.8,0.76
163,Kylian McKenn,19,Brazil,AC Milan,DEF,Right,180,66,2845,0,4,1,20,1.43,5.29,88.6,18,49,32,101,51,,,,8,0,1,3.86,3,70.4,71.2,72.2,-1.1
164,Pedri Busquets,27,Belgium,AC Milan,FWD,Right,182,73,1408,11,2,44,11,14.8,1.3,73,34,13,15,4,53,,,,0,0,1,8.43,8,78,68.9,69.4,0.87
165,Declan Verratt,23,Netherlands,NYCFC,FWD,Right,185,83,1775,8,0,58,5,12.87,0.64,78.3,30,8,19,22,45,,,,3,0,3,17.56,18,83.6,81.9,79.6,-0.54
166,Gio Reyna,34,Japan,Porto,DEF,Right,182,77,1568,1,1,13,14,0,2.85,83.6,10,47,26,83,52,,,,3,0,1,12.9,36,68.7,69.1,68.8,0.61
167,Yassine Fernandis,22,Tunisia,Galatasaray,MID,Right,184,67,1929,3,3,19,37,2.65,3.49,89.1,30,5,30,8,5,,,,2,0,0,4.48,9,80.3,80.8,79,-1.06
168,Kylian Martinez,30,Senegal,Chelsea,DEF,Both,186,83,1467,2,0,10,7,3.66,1.54,77.8,9,4,29,89,30,,,,5,0,1,9.69,0,72.3,72.2,71.8,-1.28
169,Kai Vlahov,29,Czech Republic,Celtic,GK,Left,186,80,2103,0,0,0,2,0,0,91.7,0,7,5,39,31,81,22,60.8,2,0,1,13.38,29,68,64.6,63.8,-0.18
170,Marco Davieson,35,Denmark,Manchester United,MID,Both,177,79,1381,0,4,17,19,0.34,6.29,79.1,35,35,48,38,42,,,,5,0,1,5.18,16,78.2,76.8,76.5,0.77
171,Yassine Martinez,23,Mexico,Chelsea,MID,Both,177,77,2650,0,8,53,41,0,8.46,81.5,20,57,24,27,4,,,,4,0,2,10.97,1,70.6,70.1,74,0.1
172,Hirving Haalvorsen,21,Bulgaria,Tigres UANL,MID,Right,182,73,1420,1,3,7,22,0.62,2.96,80.3,20,24,39,9,15,,,,5,0,2,8.91,12,78.6,81.6,83.5,-1.38
173,Sergio Sonn,22,Ecuador,LAFC,GK,Left,178,87,2178,0,0,0,4,0,0.06,80,0,9,0,27,29,91,30,70.8,0,0,2,21.03,4,75,76.2,69.2,0.63
174,Antoine Messier,17,England,Flamengo,MID,Both,178,87,1770,1,6,30,27,0.1,10.5,86,19,13,32,27,5,,,,1,0,1,2.97,8,61.5,57.7,58.5,2.5
175,Frenkie Sonn,22,Poland,River Plate,DEF,Right,182,84,2696,3,1,9,17,3.23,0.71,81.9,15,33,16,67,53,,,,3,0,3,4.23,12,61.1,62.3,59.2,-0.88
176,Luka De Jongh,21,Scotland,Real Sociedad,MID,Both,181,85,1540,1,4,30,34,0.92,4,75.8,31,20,18,0,17,,,,5,0,3,4.06,4,80.1,80.2,80.5,-0.13
177,Jonathan Silveira,28,Croatia,Fenerbahce,DEF,Both,188,76,1613,2,2,11,16,3.58,2.44,85.6,12,34,28,69,90,,,,3,0,1,9.96,11,82.6,80.1,82.4,-1.05
178,Declan De Jongh,28,Wales,LAFC,FWD,Left,185,72,2255,13,1,54,41,18.01,2.3,89.6,31,0,13,27,57,,,,2,0,0,9.24,5,74.4,73.7,74,0.59
179,Victor Junioro,21,Algeria,Monterrey,GK,Left,193,77,2308,0,1,0,6,0,1.31,88.1,0,9,5,49,14,83,41,72.2,0,0,1,20.09,4,88.9,91.3,88.8,-2.09
180,Vinicius Hakimi,26,Spain,Roma,DEF,Left,181,74,2287,0,1,23,6,0,0,78.5,12,12,25,84,60,,,,3,0,0,8.17,10,74,70.9,76.2,-0.96
181,Sergio Felixo,29,Greece,NYCFC,FWD,Both,180,79,1826,6,0,48,32,10.75,0,87.2,15,23,7,0,65,,,,4,0,2,14.47,7,67.2,66.4,65,0.25
182,Victor Fodenko,18,Chile,Real Madrid,GK,Left,198,92,3152,0,0,0,5,0,0.36,78.1,1,8,2,59,25,87,44,69.9,3,1,1,9.49,25,82.8,85.6,90.4,0.86
183,Riyad Griez,24,Qatar,Juventus,DEF,Left,179,77,2135,0,1,12,18,0.92,0.08,89.5,33,43,23,60,68,,,,3,0,2,22.75,15,74.8,73.2,73.1,-0.42
184,Bernardo Diazo,23,South Korea,Tigres UANL,GK,Both,191,87,1960,0,0,0,3,0,0,77.8,0,1,4,42,34,60,17,79.3,1,0,0,5.83,42,73.8,77.7,76.9,0.16
185,Karim Junioro,31,Argentina,Palmeiras,MID,Right,189,74,3180,2,5,47,28,2.31,7.69,89.8,41,33,33,43,31,,,,0,0,2,13.23,2,75.5,74.8,69.8,0.59
186,Luis Hakimi,17,Algeria,Atalanta,GK,Left,187,86,3142,0,0,0,5,0,0,88.4,5,10,10,33,24,73,13,66.9,0,0,2,8.18,4,75.2,74.1,73.9,1
187,Jonathan Vlahov,25,Mexico,Rangers,MID,Left,176,73,629,0,3,5,16,0,2.59,85.7,27,23,18,42,22,,,,5,1,0,6.51,5,80.8,82.5,83.4,0.31
188,Karim Chiesi,20,Qatar,Sevilla,MID,Right,178,78,2240,0,3,62,52,1.58,2.03,92.1,17,34,22,0,0,,,,4,0,4,11.28,2,80.7,79.7,81.7,0.21
189,Vinicius Martinez,21,USA,Sporting CP,MID,Both,187,91,3848,0,13,78,12,0,16.54,77.9,41,34,32,0,22,,,,3,0,1,11.84,20,63.5,67.4,66.3,-0.14
190,Pedri Diazo,33,Romania,Monterrey,FWD,Left,180,74,1501,4,0,21,19,2.44,2.94,83.6,28,19,14,26,50,,,,3,0,3,5.82,6,78.5,76.4,75.3,1.52
191,Sandro Diazo,32,Norway,Feyenoord,FWD,Left,189,83,2725,11,16,63,33,11.9,20.68,74.6,20,5,0,3,46,,,,1,1,2,12.32,29,84.1,83.3,85.8,-0.89
192,Declan Silveira,22,Chile,Feyenoord,DEF,Both,187,77,2744,3,2,7,0,5.32,4.72,82.5,0,32,18,116,49,,,,2,0,0,8.55,2,71.3,74.1,73,-0.83
193,Neymar Barella,28,Senegal,Napoli,GK,Right,181,88,733,0,0,0,7,0,0.97,84.8,4,5,8,38,34,31,6,76,3,0,2,7.97,2,69.5,70.9,73.1,0.14
194,Sandro Nunezi,22,Denmark,Ajax,MID,Right,181,76,696,3,2,5,19,1.92,1.09,82.7,16,15,28,0,14,,,,1,0,2,13.87,4,86.9,80.1,85.2,0.23
195,Jude Sakara,24,Cameroon,Rangers,DEF,Right,188,78,2303,0,2,20,10,0,2.8,78.3,0,0,25,98,41,,,,3,0,4,16.38,4,76.4,75.2,74.1,0.76
196,Nicolo Pulisico,29,Tunisia,Boca Juniors,MID,Left,180,77,1765,7,4,31,41,8.69,3.26,94.4,28,11,46,2,10,,,,3,0,3,15.7,29,73.4,71.9,70.4,0.65
197,Federico Lewandov,18,Cameroon,Palmeiras,DEF,Both,187,80,2877,0,1,4,11,0,0.58,81.9,2,11,36,78,40,,,,2,0,0,6.36,13,75.5,77.5,73.9,1.09
198,Heung-min Fodenko,29,Denmark,Atletico Madrid,DEF,Right,179,80,4024,0,5,34,34,0,5.04,85.4,4,64,44,37,43,,,,3,0,0,21.07,4,65.6,62.7,61.9,0.83
199,Darwin De Bruyne,24,Senegal,FC Barcelona,DEF,Both,182,64,940,0,1,7,6,0,2.89,80.1,12,20,26,37,68,,,,4,0,0,8.46,10,68.9,67.7,70.1,0.41
200,Luis Chiesi,19,South Korea,Manchester City,MID,Right,179,76,3005,0,3,34,48,1.82,1.96,72.3,18,8,33,39,22,,,,4,0,1,5.3,5,77.6,74.2,76.9,-0.02
201,Achraf Pedroso,34,Iran,Bayern Munich,GK,Both,198,70,866,0,0,0,3,0,0,86.1,3,2,0,51,39,25,12,68,2,0,0,11.65,1,73.1,73.7,76,0.05
202,Federico Gaviria,19,Portugal,FC Barcelona,FWD,Both,178,76,3582,20,6,84,22,21.8,5.14,84.7,25,3,13,28,38,,,,1,1,2,4.49,9,62.1,57.4,61.6,-0.25
203,Phil Kaner,35,Saudi Arabia,Sevilla,MID,Left,179,81,2615,1,1,14,44,0,0.98,76.6,13,16,23,1,49,,,,1,0,2,6.19,19,85.3,79.1,87.8,0.5
204,Mohamed Havert,24,Japan,Boca Juniors,MID,Right,186,68,1762,0,1,18,17,0.43,2.63,74.1,32,35,31,0,17,,,,5,0,1,12.09,9,64.4,63.7,67.5,1.01
205,Alphonso Alcantar,22,Qatar,Manchester United,MID,Both,183,89,1606,7,5,17,34,7.58,6.14,81.6,5,43,20,36,39,,,,3,0,2,9.49,10,61.7,63.7,58.9,1.74
206,Hirving Martinez,29,Germany,Borussia Dortmund,FWD,Right,178,74,3766,22,10,94,12,23.85,13.68,84.6,12,8,1,0,78,,,,1,0,0,6.22,0,68.6,69.7,69.4,0.26
207,Luis Hakimi,31,Spain,AC Milan,DEF,Right,187,69,816,0,1,2,7,0,2.41,74.1,0,48,38,60,59,,,,3,0,1,9.01,13,74.9,79.6,76.9,0.6
208,Weston Rashfordi,25,Poland,Tigres UANL,MID,Both,173,85,1508,2,2,24,24,6.64,2.66,88.3,24,39,28,0,0,,,,3,0,2,9.96,1,68.8,67.7,74,-1.08
209,Trent Alexander-Arn,26,Ghana,Palmeiras,GK,Left,187,83,1634,0,0,0,4,0,0,72.9,4,4,0,45,19,57,31,71.3,0,0,2,34.48,34,69.1,68.4,66.5,0.43
210,Lautaro Lozano,31,Senegal,Monterrey,DEF,Left,179,78,1768,0,1,6,4,0,1.46,87.1,9,31,17,65,69,,,,7,0,1,27.93,20,75.4,74.4,72.7,-0.47
211,Sandro Lewandov,19,Wales,Liverpool,DEF,Both,188,78,1445,2,0,10,5,4.31,0,82.1,18,14,20,51,59,,,,4,0,0,9.85,9,67.9,66.1,70,1.09
212,Bukayo Mahrezh,29,Cameroon,Juventus,DEF,Both,179,77,917,2,0,4,14,0.82,0.03,79.1,0,38,35,35,75,,,,4,0,3,9.12,1,74,76,74.7,-1.49
213,Vinicius Fodenko,23,Romania,Arsenal,DEF,Right,175,75,2154,0,2,18,14,0,2.49,71.5,11,17,45,80,49,,,,2,0,4,7.16,20,72.2,68.7,66.7,0.86
214,Leo Musiala,20,Austria,Manchester United,DEF,Right,185,79,1890,0,0,0,11,0.2,0,85.3,0,24,45,54,45,,,,3,0,2,7.94,0,78.5,80.5,76.7,0.1
215,Pedri Chiesi,17,Turkey,Rangers,DEF,Both,190,77,2160,4,2,19,16,5.47,3.17,85.7,10,28,20,71,71,,,,6,0,3,5.14,0,76.2,73.7,78.2,-0.19
216,Dusan Chiesi,27,France,Inter,MID,Left,176,73,1951,1,2,15,44,0,2.93,77.6,44,11,56,7,27,,,,0,0,2,13.12,28,88.8,83.9,91.2,-2.39
217,Thiago Rashfordi,25,Iran,Real Sociedad,DEF,Right,192,83,2341,2,3,5,5,2.13,2.53,90.9,10,23,33,53,40,,,,4,0,1,10.19,11,62,58.3,60.5,-0.72
218,Sergio Belling,29,Japan,Al-Nassr,DEF,Both,179,72,2240,0,0,14,15,0.24,2.04,74.5,5,30,30,47,72,,,,3,0,1,12.04,2,77.4,76.1,73,1.44
219,Marcus Davidic,20,Serbia,Tottenham,DEF,Both,175,98,1671,0,1,15,10,0,0,80.7,6,19,30,25,71,,,,8,0,1,12.77,8,83.7,81.7,85.4,-0.28
220,Mohamed Kaner,17,Belgium,Roma,FWD,Right,175,76,2274,12,11,70,9,14.09,11.17,77.5,15,14,0,0,73,,,,0,0,1,4.11,2,82.7,80.2,85.5,-0.23
221,Sandro Lozano,32,Uruguay,Valencia,DEF,Both,189,78,2371,1,3,19,16,0,3.64,84,0,42,15,48,55,,,,3,0,1,16.51,21,77.2,74.3,73.5,0.48
222,Declan Verratt,33,Nigeria,Sevilla,MID,Right,175,80,1220,2,3,25,25,0.67,1.71,89.5,26,37,28,0,12,,,,4,0,0,6.03,9,83.4,85.1,77.7,0.77
223,Bernardo Leao,35,Senegal,Rangers,GK,Left,187,84,1672,0,1,0,2,0,1.46,63.6,3,17,6,48,33,79,10,70.5,0,0,2,4.1,17,72.9,70.4,70.8,-1.62
224,Karim Reyna,22,Sweden,River Plate,FWD,Left,176,74,2304,9,7,85,37,14.6,6.74,82.8,29,0,18,0,48,,,,6,0,3,4.54,17,67.5,74.2,70.4,0.14
225,Victor Reyna,21,France,Lazio,DEF,Both,177,73,1560,1,0,10,7,1.62,0.86,88.2,12,36,29,74,31,,,,1,0,1,21.56,11,66.3,65.4,67.1,-0.53
226,Marcus Alcantar,30,Japan,Real Madrid,MID,Right,183,76,1866,0,3,26,61,0,1.25,78.7,26,29,23,0,0,,,,2,0,2,16.32,12,77.3,81.9,76.9,0.11
227,Achraf Alcantar,21,Czech Republic,Monterrey,MID,Right,176,70,2028,0,6,27,9,0.4,7.13,82.2,32,36,42,5,17,,,,3,0,3,35.17,13,62.3,63.5,60.7,0.53
228,Achraf Hakimi,35,South Korea,NYCFC,MID,Right,193,78,2874,1,10,38,48,0,7.24,81.3,14,40,17,51,33,,,,5,0,0,12.99,1,67.2,68.1,65,-0.35
229,Jonathan Alexander-Arn,32,Croatia,Boca Juniors,DEF,Both,182,71,2157,1,0,16,7,2.99,3.51,86.4,0,31,30,55,46,,,,2,0,1,18.88,10,74.1,75.2,73.3,0.82
230,Frenkie Davieson,34,South Korea,PSG,DEF,Both,177,76,2218,0,0,17,10,2.8,0.05,77.4,10,48,20,93,77,,,,2,0,0,10.15,7,72.2,72.7,72.4,0.68
231,Sadio Musiala,29,Qatar,Arsenal,DEF,Left,183,74,917,0,0,3,6,0,0.22,83.5,26,19,20,52,65,,,,5,0,0,3.44,13,79.5,79.4,80.5,-0.88
232,Robert Fernandis,34,Chile,Ajax,DEF,Both,183,89,2389,3,3,19,13,4.68,2.34,81.4,20,12,23,57,60,,,,5,0,1,11.3,5,68.2,66.9,62.6,-0.7
233,Gavi Chiesi,28,Chile,Atalanta,GK,Both,178,75,1873,0,0,0,0,0,0,74.3,2,6,17,41,42,67,23,70.2,1,0,1,15,8,71.3,70.1,68.8,0.96
234,Erling Riceford,28,Romania,Sporting CP,FWD,Both,182,80,1837,6,0,38,32,5.01,0.11,73.4,28,19,1,20,49,,,,2,0,2,28.8,12,65.4,67.6,67.6,0.64
235,Victor Silvan,31,Spain,Ajax,MID,Left,179,74,4210,3,17,77,72,4.52,17.5,83.8,21,3,41,0,9,,,,4,0,4,12.37,17,72.3,70.4,68.3,-0.4
236,Leo Busquets,35,Ghana,Sporting CP,DEF,Both,183,70,2436,2,0,13,4,3.8,1,82.2,17,39,37,51,64,,,,6,0,1,4.88,3,75.6,76,74.5,-0.68
237,Harry Belling,34,Sweden,Real Sociedad,MID,Left,184,73,1606,0,8,12,37,0,8.5,83.7,26,39,41,1,37,,,,7,0,2,9.36,6,76.3,72.2,73.8,1.2
238,Achraf Pedroso,24,Norway,Porto,DEF,Both,180,67,3235,0,3,28,20,1.16,4.53,84.1,10,34,33,86,46,,,,3,0,0,5.56,12,72.6,73.6,71.1,1.24
239,Bukayo Silveira,21,Scotland,Sevilla,DEF,Right,199,70,1016,0,1,10,5,1.02,3.29,86.4,0,27,49,39,25,,,,7,0,0,9.13,1,71.1,74,74.6,-0.17
240,Trent Verratt,22,Austria,Bayern Munich,MID,Left,189,74,1450,0,6,18,31,1,4.2,80.9,32,24,31,29,15,,,,2,0,2,9.89,4,69,73.2,71.9,1.19
241,Alphonso Reyna,27,Qatar,Tottenham,MID,Right,178,75,2669,3,4,21,78,5.76,6.36,79,25,23,45,53,46,,,,3,0,1,9.42,8,69.9,71.2,67.8,-1.31
242,Lautaro Diazo,20,Mexico,Galatasaray,MID,Right,178,73,2507,0,1,35,39,0,0.54,77.1,40,46,23,2,0,,,,5,0,2,17.71,3,66.2,63.2,63.8,-0.46
243,Karim Rashfordi,26,Argentina,Inter Miami,DEF,Left,178,79,1559,0,2,9,15,0,1.22,74.7,12,47,34,106,76,,,,6,0,2,11,16,68.7,68.1,69.2,0.37
244,Jonathan Modricz,22,Netherlands,Real Sociedad,MID,Right,183,64,2344,9,3,53,22,11.48,2.37,81.1,15,34,25,39,38,,,,5,0,2,6.75,55,67.7,67,68.9,-1.48
245,Rafael Vlahov,28,Qatar,Galatasaray,MID,Left,190,67,1269,0,4,2,21,2.33,5.4,89.8,30,60,28,49,0,,,,4,0,2,13.14,9,71.8,72.6,72.7,0.88
246,Pedri Junioro,28,South Korea,Atalanta,DEF,Left,176,85,2480,4,3,21,7,6.37,6.27,85,20,27,34,59,39,,,,3,0,0,3.02,3,79.8,78.8,83.4,1.89
247,Joao Belling,29,Greece,Inter Miami,DEF,Right,182,69,3814,0,3,28,21,0,5.99,79.2,9,43,21,49,58,,,,4,0,2,21.33,1,69.3,74.5,70.3,-1.84
248,Kevin Salahim,19,Ukraine,Flamengo,DEF,Both,190,74,1322,1,1,5,11,1.58,0.17,87.1,0,52,34,48,70,,,,1,0,1,4.2,18,65.9,69.1,68.1,0.25
249,Rafael Silveira,34,South Korea,Atalanta,DEF,Left,168,78,2392,2,0,19,12,1.66,0,81.8,1,5,31,99,46,,,,3,0,1,10.82,19,70.5,68.1,73.5,-0.85
250,Lautaro Pulisico,26,Argentina,Atletico Madrid,MID,Both,178,80,1350,0,6,6,39,0,7.2,88.6,27,33,24,0,30,,,,5,1,1,7.82,7,62,61.7,61.1,-0.21
251,Luka Alexander-Arn,17,Russia,Al Ittihad,FWD,Left,179,79,1917,4,2,58,13,0,2.71,67.2,23,0,7,14,60,,,,6,0,2,13.91,11,71.5,72.1,71.8,1.13
252,Antoine Diazo,28,Sweden,Boca Juniors,GK,Left,188,82,2739,0,0,0,8,0,1,81,3,0,7,47,24,90,30,76.1,5,0,2,5.27,7,82,85.3,81.3,-0.22
253,Declan Oshimen,29,Cameroon,LAFC,FWD,Left,179,75,521,3,1,7,2,1.56,1.05,87.2,15,0,0,51,44,,,,5,0,1,5.89,72,65.3,65.1,69.5,-0.53
254,Hirving Felixo,20,Denmark,Rangers,DEF,Right,180,75,895,0,0,6,7,2.57,3.71,88.4,7,30,44,88,61,,,,4,0,0,26.85,19,68.9,67.2,73.3,-0.82
255,Victor Tonalli,26,USA,Atalanta,DEF,Right,181,82,1900,2,3,20,2,1.75,4.41,79.8,8,13,12,84,48,,,,5,0,3,25.62,17,62.1,63.7,59.8,-2.07
256,Joao Busquets,28,Saudi Arabia,Galatasaray,GK,Left,178,90,2647,0,0,0,4,0,0.34,82,0,6,0,28,25,102,32,74.8,1,0,0,8.29,23,66,68.4,64.9,1.73
257,Erling De Bruyne,21,Ireland,Borussia Dortmund,MID,Left,186,91,1203,1,3,22,27,0,6.95,68,37,12,34,38,30,,,,4,0,2,13.21,0,82,80.5,80.7,0.41
258,Robert Alexander-Arn,27,Australia,Monterrey,MID,Left,189,80,1513,2,1,5,47,1.33,0.91,80.2,8,32,27,0,22,,,,6,0,5,11.45,2,66.6,66.9,66.5,-1.13
259,Leo Barella,32,Portugal,Palmeiras,DEF,Left,179,78,1607,1,3,12,6,0.92,4.99,86.6,13,12,30,36,46,,,,2,0,1,18.07,1,59,62.9,62.7,0.26
260,Luka Salahim,32,Belgium,Atalanta,MID,Both,182,77,1751,6,4,12,22,5.37,4.55,74.6,24,29,43,0,18,,,,6,0,3,10.62,3,70.9,69.8,69.2,-1.92
261,Weston Verratt,22,Saudi Arabia,Napoli,DEF,Left,180,81,1034,1,2,7,10,1.75,3.15,89,0,21,18,34,56,,,,3,0,2,10.74,10,69.4,69.7,71.7,-1.07
262,Antoine Alcantar,35,Switzerland,Al-Hilal,DEF,Right,182,71,2288,0,3,29,11,2.07,4.91,72.6,5,35,33,81,67,,,,3,0,1,4.94,15,70.1,75.2,69.6,-1.37
263,Alphonso Vlahov,18,Sweden,Benfica,DEF,Left,184,75,2728,0,3,0,21,1.15,1.6,72.4,1,30,28,83,41,,,,3,0,1,11.46,36,83.3,83.3,84.8,1.8
264,Erling McKenn,30,Cameroon,River Plate,GK,Both,189,82,2302,0,0,0,0,0,0.54,78.3,2,7,0,44,19,71,37,69.7,2,0,1,19.51,19,66.9,65.3,64.8,-1.73
265,Thiago Chiesi,33,England,AC Milan,MID,Both,192,80,1530,0,6,10,12,2.36,8.06,82.7,27,18,24,10,49,,,,6,0,1,10.15,11,76,76.7,78.2,-0.78
266,Frenkie Lewandov,32,USA,Besiktas,DEF,Right,179,73,3091,0,2,23,15,0,3.56,78.4,8,39,32,97,92,,,,5,0,2,14.1,9,83,78.5,80,0.2
267,Robert Alexander-Arn,35,Cameroon,Al-Nassr,MID,Both,168,79,1316,1,1,23,19,0,0.14,83,38,18,38,6,51,,,,3,0,2,10.54,7,76.8,73.6,73,0.59
268,Kylian Haalvorsen,22,Uruguay,Rangers,FWD,Left,183,70,2938,7,9,62,45,6.75,12.13,85.8,26,17,15,0,63,,,,2,0,2,13.56,7,79.8,79.7,79.5,0.78
269,Sadio Sonn,29,Colombia,Liverpool,DEF,Left,181,70,1149,1,2,0,5,2.99,1.35,93.9,7,20,29,107,49,,,,4,0,2,8.04,2,74.4,79.1,77.5,-1.98
270,Khvicha Musiala,28,Serbia,Borussia Dortmund,MID,Right,180,89,1758,2,8,33,22,6.56,10.08,80.6,33,28,32,46,36,,,,3,0,0,4.6,32,74,70.7,66.9,-1.09
271,Bruno Fodenko,18,Czech Republic,Celtic,DEF,Right,195,89,1203,0,2,10,9,0,2.88,81.9,0,29,44,91,67,,,,4,0,1,5.48,3,71.2,71.1,71.4,0.29
272,Weston Alcantar,17,Spain,Club America,GK,Left,197,80,1760,0,0,0,8,0,0.1,85.2,5,6,1,46,22,103,12,71.6,0,0,2,12.96,4,74.9,71.6,77.7,1.71
273,Luka Rashfordi,19,Mexico,River Plate,DEF,Both,188,91,2484,4,5,13,15,5.57,5.99,80.3,6,38,25,87,52,,,,2,0,3,5.29,11,76.4,72.9,75.1,-1.39
274,Declan Mahrezh,24,Greece,Al-Nassr,DEF,Left,181,86,1532,0,3,5,7,1.09,4.61,80.3,11,37,35,52,42,,,,5,0,2,15.04,14,63.8,68.4,69.4,0.05
275,Federico Alcantar,32,Romania,FC Barcelona,FWD,Left,185,81,3042,23,7,80,34,21.24,8.44,84.4,11,4,37,29,90,,,,6,0,1,6.95,13,68.3,68.4,67.2,-0.9
276,Trent Maney,27,Sweden,RB Leipzig,MID,Right,191,73,3043,0,9,62,43,2.08,11.43,89.9,33,33,25,0,54,,,,7,0,1,13.98,37,64.9,61.8,66.6,1.97
277,Frenkie Verratt,19,Russia,Valencia,FWD,Both,186,79,2845,13,7,90,55,15.18,5.78,84.4,21,0,5,21,50,,,,3,0,5,13.79,16,78,74.4,77.2,-0.11
278,Jude Felixo,30,Japan,Real Sociedad,MID,Left,181,73,2202,1,5,8,54,1.77,8.63,83,27,15,40,17,14,,,,4,0,0,12.51,0,70.3,69.6,70.8,-0.59
279,Joao Lozano,33,Saudi Arabia,Chelsea,GK,Right,188,80,2322,0,1,0,9,0,0.45,86.7,6,8,5,32,2,125,28,71,0,0,2,9,8,75,73.4,70.6,-0.61
280,Marco Chiesi,33,Ecuador,NYCFC,MID,Left,181,73,3683,2,13,34,77,1.58,12.46,71.5,2,40,18,0,39,,,,7,0,3,8.83,11,67,69.6,72.9,0.05
281,Bernardo Messier,31,Brazil,Al Ittihad,DEF,Left,176,73,1687,1,0,0,12,0.24,0,94.7,0,27,45,72,66,,,,3,0,1,10.35,11,66.9,69.3,65,-2.38
282,Harry Reyna,28,Czech Republic,Celtic,DEF,Both,187,71,991,1,1,4,7,2.82,0.16,84.4,7,24,17,61,46,,,,1,0,0,5.46,3,77.9,82.2,83.5,0.04
283,Yassine Rashfordi,24,Tunisia,River Plate,FWD,Left,173,79,3111,9,4,57,16,14.41,3.22,87.8,24,7,7,39,66,,,,4,0,0,5.5,0,69.2,71.6,70.2,1.54
284,Alphonso Belling,18,Ukraine,Feyenoord,MID,Right,181,79,1628,1,3,15,35,1.55,2.56,73.1,18,29,4,0,13,,,,5,0,2,14.84,12,68.8,68,69.8,0.81
285,Achraf Barella,23,Wales,Napoli,FWD,Both,173,73,2771,18,4,76,53,21.99,3.62,81.6,36,0,4,41,38,,,,5,0,2,5.78,1,79.5,82.5,86.7,-0.03
286,Kevin Davieson,31,Ghana,Al Ittihad,MID,Both,186,83,2493,9,4,14,39,14.57,0.74,72.4,28,42,19,34,35,,,,0,0,2,11.37,5,78.8,78.5,82.6,-0.38
287,Erling Martinez,30,Portugal,Al-Nassr,FWD,Both,175,83,1530,3,8,36,17,6.1,9.6,85.9,25,21,5,0,46,,,,6,0,2,4.88,5,70.2,72.8,71,-0.39
288,Heung-min Barella,32,Turkey,Manchester City,MID,Both,184,73,2434,8,8,14,60,12.43,10.1,78.6,19,27,44,29,37,,,,3,0,2,25.68,2,70.9,70.8,73.7,0.13
289,Victor Tonalli,28,Italy,Arsenal,DEF,Left,190,82,2965,0,5,49,10,0,5.07,79.1,6,9,22,85,63,,,,3,0,3,22.32,0,78.8,75.8,74.6,0.7
290,Kevin Nunezi,21,Poland,PSG,FWD,Right,185,81,1987,11,8,46,26,15.08,8.15,78.2,30,14,0,43,59,,,,4,0,2,2.73,4,71.8,70.9,67.8,0.61
291,Bernardo Fernandis,35,Peru,Palmeiras,MID,Both,198,66,2655,5,9,17,44,4.62,9.13,89,33,27,25,23,37,,,,6,0,4,10.32,36,72.4,73.1,75.1,0.11
292,Sandro Griez,22,Japan,Boca Juniors,DEF,Left,178,66,1096,1,2,5,4,0,2.22,93.5,14,13,39,55,64,,,,5,0,2,11.57,33,82.1,79,78.3,-0.83
293,Luka Hakimi,32,Netherlands,Real Sociedad,DEF,Right,189,71,2881,1,4,20,29,0.89,3.3,87.6,10,23,37,80,39,,,,8,0,1,8.03,0,61.9,63.2,64.4,0.65
294,Thiago Havert,18,USA,Celtic,GK,Both,202,81,1844,0,0,0,0,0,1.44,81.6,3,0,3,29,14,46,14,72.5,3,0,2,13.29,8,70.1,63,70.9,-0.35
295,Kai Messier,23,Austria,Porto,MID,Right,179,71,2726,0,7,18,35,3.83,7.95,70.7,31,35,4,2,48,,,,5,0,4,8.64,3,72.4,74.1,75.6,0.45
296,Declan Sonn,24,Japan,LAFC,DEF,Right,178,83,2783,1,7,19,15,3.61,5.34,84.5,6,23,26,85,70,,,,4,0,1,9.03,0,71.1,75.3,70.8,0.36
297,Riyad Pulisico,33,Bulgaria,Besiktas,DEF,Both,183,78,1576,3,1,5,10,3.93,0.72,75.9,12,34,30,70,46,,,,7,0,1,5.87,2,84,83.7,80.9,-0.42
298,Robert Alcantar,29,Canada,Al-Nassr,DEF,Left,193,79,2314,3,0,11,26,4.25,0,77,4,57,31,38,62,,,,1,0,3,12.81,33,69.8,71.7,70.6,-0.92
299,Weston Diazo,18,USA,Boca Juniors,MID,Right,167,75,2028,0,1,36,54,1.62,3.26,73.1,30,5,38,43,60,,,,6,0,1,32.14,2,70.2,72.5,70.9,1.11
300,Jonathan Salahim,23,Colombia,Club America,MID,Right,185,76,1697,1,6,19,36,1.07,6.49,81,32,45,33,17,47,,,,3,0,3,12.02,17,76,73.9,67.4,-0.57
301,Lautaro Davidic,33,Scotland,Real Sociedad,FWD,Both,172,71,0,0,0,0,0,5.96,0,81.2,13,10,0,16,48,,,,1,0,3,9.87,20,71.4,68.6,73.1,0.95
302,Erling Haalvorsen,35,Poland,Tottenham,DEF,Right,187,81,3357,1,7,35,22,2.41,8.86,84.9,4,36,27,87,75,,,,4,0,3,5.34,3,80.1,78.1,79,0.94
303,Robert Junioro,33,Senegal,River Plate,MID,Right,179,80,2172,4,7,21,45,1.75,7.45,71.7,33,25,42,12,46,,,,1,0,2,7.3,41,76.7,76.7,76,1.08
304,Declan Sonn,20,Sweden,Bayern Munich,GK,Left,189,83,557,0,0,0,3,0,0.89,84.3,3,12,4,25,30,18,11,72.6,2,0,2,16.14,8,77.1,74.4,76.1,1.48
305,Darwin Musiala,22,Romania,Besiktas,DEF,Both,181,78,2474,5,3,8,18,4.98,2.86,83.5,10,27,29,65,27,,,,1,0,3,9.82,12,68.4,66.5,69.6,-0.69
306,Luka Musiala,22,Russia,Besiktas,DEF,Both,187,84,1963,2,0,20,17,3.52,0,95,0,22,19,66,78,,,,2,0,2,3.93,5,64,64.4,66.6,0.22
307,Weston Musiala,22,Ireland,Chelsea,FWD,Left,163,78,2098,13,6,40,23,15.22,7.42,82.8,25,0,13,27,65,,,,5,0,1,10.37,13,86.4,78.8,89.2,-0.54
308,Heung-min Sakara,33,South Korea,Manchester City,DEF,Both,178,80,852,0,0,9,0,0,0,75.5,11,37,34,54,40,,,,0,0,2,7.51,18,77.6,82.6,77.4,0.74
309,Heung-min Lewandov,23,Turkey,Sevilla,DEF,Right,176,75,895,0,0,3,3,0,0,89.1,3,21,34,41,64,,,,4,0,1,9.79,0,84.9,88.7,82.8,0.48
310,Jonathan Maney,33,Bulgaria,Porto,DEF,Both,188,76,452,0,0,1,3,2.36,1.12,76.9,16,20,26,52,58,,,,4,0,0,40.17,15,66.4,67.7,68.8,0.94
311,Jude Silvan,32,Germany,Sporting CP,FWD,Left,182,76,1732,7,4,43,38,6.71,7.03,84.5,35,18,0,0,71,,,,4,0,2,6.76,4,81.1,79.1,78,1.14
312,Bukayo Davidic,25,Greece,Arsenal,MID,Both,175,72,1705,1,3,23,29,0.87,5.59,69.9,11,51,44,16,49,,,,4,0,2,7.49,4,78.2,77.6,78.2,-0.02
313,Harry Griez,33,Scotland,Tigres UANL,MID,Right,181,89,1714,4,3,22,18,4.12,2.52,76.5,29,26,55,0,51,,,,4,0,0,4.93,25,75.8,77.1,76,0.18
314,Bukayo Salahim,20,Mexico,Bayern Munich,MID,Both,182,75,2099,2,2,54,57,0,0.61,83.1,15,29,24,36,10,,,,5,0,2,11,14,74.4,72.9,72.3,-0.1
315,Christian Sakara,34,Cameroon,Inter Miami,MID,Right,181,88,2374,2,6,10,60,0.75,7.65,81.8,8,14,34,8,63,,,,5,0,3,10.65,5,67,64.7,63.3,-1.66
316,Gio Messier,33,USA,PSV,MID,Right,181,79,2359,1,0,44,27,1.73,0,74.8,29,27,9,6,49,,,,7,0,1,8.65,1,68.7,67.3,68.6,0.48
317,Darwin Mahrezh,31,South Korea,Borussia Dortmund,DEF,Right,189,72,1526,0,1,11,11,2.61,1.26,74.5,9,37,32,67,45,,,,4,0,0,12.01,16,75,71.5,73,-2.48
318,Kylian De Bruyne,17,Croatia,Tottenham,MID,Both,181,77,858,3,2,13,9,5.04,0.75,95,11,26,27,53,5,,,,6,0,1,26.54,2,69.7,71.5,66,1.06
319,Christian Oshimen,32,Argentina,Feyenoord,MID,Right,179,87,1614,4,6,14,41,4.16,6.29,78.2,32,37,36,15,40,,,,3,0,0,5.3,14,69.9,70.6,69.9,1.28
320,Harry De Bruyne,21,Brazil,PSG,MID,Left,179,70,998,2,3,11,10,2.8,7.62,76.8,16,31,32,24,13,,,,1,0,1,23.21,0,70.4,77.3,77.6,-0.42
